id,class_name,description
1,Class1,mus etiam vel augue vestibulum rutrum rutrum neque aenean auctor gravida sem praesent id
2,Class2,potenti in eleifend quam a odio in hac habitasse platea dictumst maecenas ut massa quis augue luctus tincidunt nulla
3,Class3,posuere metus vitae ipsum aliquam non mauris morbi non lectus aliquam sit amet
4,Class4,eu magna vulputate luctus cum sociis natoque penatibus et magnis dis parturient montes nascetur ridiculus mus vivamus vestibulum
5,Class5,vulputate justo in blandit ultrices enim lorem ipsum dolor sit amet consectetuer
6,Class6,in porttitor pede justo eu massa donec dapibus duis at velit eu est congue elementum in hac habitasse platea
7,Class7,risus semper porta volutpat quam pede lobortis ligula sit amet eleifend pede libero quis orci nullam molestie nibh
8,Class8,id lobortis convallis tortor risus dapibus augue vel accumsan tellus
9,Class9,et commodo vulputate justo in blandit ultrices enim lorem ipsum
10,Class10,augue aliquam erat volutpat in congue etiam justo etiam pretium iaculis justo